command,mean,stddev,median,user,system,min,max,parameter_num_count
counto=$((2**1)) ./name-generator_cpp,0.00303096758,0.000740393125804123,0.00303096758,0,0.0037282999999999995,0.00250743058,0.00355450458,1
counto=$((2**1)) ./name-generator_cpp_O2,0.00381223258,0.0002499311344510716,0.00381223258,0.0020590900000000004,0.0021549,0.00363550458,0.003988960579999999,1
counto=$((2**1)) ./name-generator_cpp_O1,0.00452055758,0.000051627280307991525,0.00452055758,0.0022950899999999996,0.0025494,0.0044840515800000005,0.0045570635799999995,1
counto=$((2**1)) ./name-generator_go,0.0038601000799999997,0.001184025556359532,0.0038601000799999997,0.0016745899999999999,0.0027893999999999996,0.00302286758,0.00469733258,1
counto=$((2**1)) ./name-generator_pascal,0.008538209080000001,0.0005035003332913497,0.008538209080000001,0.00462918,0.0036502999999999996,0.00818218058,0.00889423758,1
counto=$((2**1)) ./name-generator.js,0.02899072808,0.0009769366075669918,0.02899072808,0.02526668,0.0066783,0.02829992958,0.029681526580000003,1
counto=$((2**1)) ./name-generator.ts,0.05744496058,0.00008105989296810198,0.05744496058,0.05609968,0.0176273,0.05738764258,0.05750227858,1
counto=$((2**1)) java -jar ./name-generator.jar,0.07691276708,0.007284710933412837,0.07691276708,0.13475517999999997,0.021744299999999998,0.07176169857999999,0.08206383558,1
counto=$((2**1)) ./name-generator.pl,0.014523617580000002,0.0002097646408525527,0.014523617580000002,0.00843968,0.0059583,0.014375291580000001,0.014671943580000003,1
counto=$((2**1)) ./name-generator_d,0.00552349508,0.0011281952333441674,0.00552349508,0.00423718,0.0012994,0.00472574058,0.00632124958,1
counto=$((2**1)) ./name-generator.r,0.19807448658000001,0.00148812743421052,0.19807448658000001,0.15615668,0.0389448,0.19702222158000002,0.19912675158,1
counto=$((2**1)) ./name-generator.php,0.01227777708,0.00042653741701344255,0.01227777708,0.0022741799999999998,0.0095078,0.011976169580000001,0.01257938458,1
counto=$((2**1)) ./name-generator.rb,0.07699515007999999,0.009566459663488075,0.07699515007999999,0.06116518,0.0141988,0.07023064158,0.08375965858,1
counto=$((2**1)) ./name-generator.lua,0.01957142358,0.0009061559258769975,0.01957142358,0.01684768,0.0022697999999999998,0.01893067458,0.02021217258,1
counto=$((2**1)) java NameGenerator,0.05595274958,0.005705268436586662,0.05595274958,0.08119868,0.0139698,0.051918515580000005,0.05998698358000001,1
counto=$((2**1)) rust/target/debug/name-generator,0.007696638580000001,0.000021296642035777042,0.007696638580000001,0.0036020899999999996,0.0041833999999999994,0.00768157958,0.007711697580000001,1
counto=$((2**1)) ./name-generator.py,0.07023790858,0.005641269616035033,0.07023790858,0.05401918,0.0161533,0.06624892857999999,0.07422688858,1
counto=$((2**2)) ./name-generator_cpp,0.0034248250800000004,0.001234614803912743,0.0034248250800000004,0.00345318,0,0.00255182058,0.004297829580000001,2
counto=$((2**2)) ./name-generator_cpp_O2,0.0034377020800000005,0.001675433656585811,0.0034377020800000005,0.00207068,0.0011454,0.00225299158,0.0046224125800000005,2
counto=$((2**2)) ./name-generator_cpp_O1,0.00413751858,0.000031180580623201065,0.00413751858,0.00300018,0.0011354,0.004115470580000001,0.004159566579999999,2
counto=$((2**2)) ./name-generator_go,0.00487496258,0.00048194842570756496,0.00487496258,0.00102259,0.0043358,0.00453417358,0.0052157515800000005,2
counto=$((2**2)) ./name-generator_pascal,0.00733648158,0.002174275570402703,0.00733648158,0.00116909,0.0060363,0.00579903658,0.00887392658,2
counto=$((2**2)) ./name-generator.js,0.03285232508,0.004731204096764847,0.03285232508,0.025674179999999998,0.0102498,0.029506858580000003,0.03619779158,2
counto=$((2**2)) ./name-generator.ts,0.08346037208000001,0.00877790266639022,0.08346037208000001,0.07252868,0.0298618,0.07725345758,0.08966728658,2
counto=$((2**2)) java -jar ./name-generator.jar,0.07477420158,0.0013685471922305111,0.07477420158,0.13954017999999999,0.019568299999999997,0.07380649258,0.07574191058,2
counto=$((2**2)) ./name-generator.pl,0.01517660158,0.0001632638847081602,0.01517660158,0.01031118,0.0045698,0.015061156580000002,0.01529204658,2
counto=$((2**2)) ./name-generator_d,0.00611303258,0.00031270948869837717,0.00611303258,0.0007350900000000001,0.005648299999999999,0.00589191358,0.006334151580000001,2
counto=$((2**2)) ./name-generator.r,0.18144832358000001,0.0005745907277515012,0.18144832358000001,0.13639367999999996,0.0426878,0.18104202658000002,0.18185462058000001,2
counto=$((2**2)) ./name-generator.php,0.01162598108,0.00014640999457858018,0.01162598108,0.00645468,0.0049488,0.011522453580000001,0.01172950858,2
counto=$((2**2)) ./name-generator.rb,0.07562094608,0.006298212120843862,0.07562094608,0.06208668,0.0126123,0.07116743757999999,0.08007445458,2
counto=$((2**2)) ./name-generator.lua,0.01763779158,0.002123874413253288,0.01763779158,0.014278679999999998,0.0032638,0.01613598558,0.01913959758,2
counto=$((2**2)) java NameGenerator,0.04911294808,0.0011133742752104934,0.04911294808,0.06867967999999999,0.0204453,0.048325673580000006,0.04990022258,2
counto=$((2**2)) rust/target/debug/name-generator,0.00803274608,0.00029117738010446504,0.00803274608,0.00670868,0.0013374,0.00782685258,0.00823863958,2
counto=$((2**2)) ./name-generator.py,0.07702069957999999,0.003997526364061664,0.07702069957999999,0.050213179999999996,0.0275163,0.07419402157999999,0.07984737758,2
counto=$((2**3)) ./name-generator_cpp,0.0026096480799999997,0.000038543683535697444,0.0026096480799999997,0.0013870900000000001,0.0017199,0.00258239358,0.00263690258,3
counto=$((2**3)) ./name-generator_cpp_O2,0.00317890458,0.00008138516208744647,0.00317890458,0.00065609,0.0028603,0.0031213565800000003,0.0032364525799999998,3
counto=$((2**3)) ./name-generator_cpp_O1,0.00348140858,0.00008462653957240635,0.00348140858,0.0023536800000000004,0.0010194,0.0034215685799999997,0.00354124858,3
counto=$((2**3)) ./name-generator_go,0.0047155745800000004,0.0002783356138513355,0.0047155745800000004,0.0016470900000000001,0.0036637999999999996,0.004518761580000001,0.00491238758,3
counto=$((2**3)) ./name-generator_pascal,0.00629725658,0.0018204860061445133,0.00629725658,0.00382609,0.0028543999999999996,0.005009978579999999,0.00758453458,3
counto=$((2**3)) ./name-generator.js,0.03196381208,0.00001215728688893938,0.03196381208,0.02201368,0.0136073,0.03195521558,0.03197240858,3
counto=$((2**3)) ./name-generator.ts,0.058112392080000005,0.007306970654884585,0.058112392080000005,0.06005718,0.0162608,0.052945583580000004,0.06327920058,3
counto=$((2**3)) java -jar ./name-generator.jar,0.07763518057999999,0.012315649109441286,0.07763518057999999,0.12401518,0.0247753,0.06892670158,0.08634365958,3
counto=$((2**3)) ./name-generator.pl,0.01645239458,0.0009712422766580933,0.01645239458,0.01306968,0.0032438,0.015765622580000003,0.01713916658,3
counto=$((2**3)) ./name-generator_d,0.00474175158,0.0009607728536558484,0.00474175158,0.00205118,0.0026073,0.004062382579999999,0.005421120580000001,3
counto=$((2**3)) ./name-generator.r,0.16339999908,0.00805160359294871,0.16339999908,0.13649667999999998,0.0258398,0.15770665558,0.16909334258,3
counto=$((2**3)) ./name-generator.php,0.012012937080000001,0.0007426848588819484,0.012012937080000001,0.005767179999999999,0.006049799999999999,0.011487779580000001,0.01253809458,3
counto=$((2**3)) ./name-generator.rb,0.07018068858,0.0036591460707790825,0.07018068858,0.05567068,0.013837799999999999,0.06759328158,0.07276809558,3
counto=$((2**3)) ./name-generator.lua,0.01826933458,0.0015879808112090027,0.01826933458,0.015575180000000001,0.0026028999999999996,0.01714646258,0.01939220658,3
counto=$((2**3)) java NameGenerator,0.04280004508,0.0022539346848372737,0.04280004508,0.06032218,0.0220128,0.04120627258,0.04439381758,3
counto=$((2**3)) rust/target/debug/name-generator,0.00533131908,0.0003553034798767108,0.00533131908,0.00370268,0.0016369,0.00508008158,0.00558255658,3
counto=$((2**3)) ./name-generator.py,0.07316561558,0.0014243662015373671,0.07316561558,0.05187168,0.022426799999999997,0.07215843658,0.07417279457999999,3
counto=$((2**4)) ./name-generator_cpp,0.00359467858,0.0008692095965600006,0.00359467858,0.0019715899999999996,0.0018719,0.00298005458,0.004209302579999999,4
counto=$((2**4)) ./name-generator_cpp_O2,0.00214716858,0.00014818553970614003,0.00214716858,0,0.0029078000000000003,0.0020423855799999997,0.0022519515799999997,4
counto=$((2**4)) ./name-generator_cpp_O1,0.0028676250799999996,0.0012991184987061419,0.0028676250799999996,0.0018406800000000001,0.0010569,0.0019490095799999997,0.0037862405799999996,4
counto=$((2**4)) ./name-generator_go,0.00439712258,0.00032954428694486536,0.00439712258,0.00320418,0.0012389,0.00416409958,0.00463014558,4
counto=$((2**4)) ./name-generator_pascal,0.00596077308,0.00100374161142821,0.00596077308,0.00267768,0.0030158,0.00525102058,0.0066705255799999995,4
counto=$((2**4)) ./name-generator.js,0.02592919558,0.0014306240965508714,0.02592919558,0.01813868,0.0108573,0.024917591580000002,0.02694079958,4
counto=$((2**4)) ./name-generator.ts,0.06104346358,0.015263291609068405,0.06104346358,0.06310018,0.0161193,0.05025068658,0.07183624058,4
counto=$((2**4)) java -jar ./name-generator.jar,0.07406869358,0.0034618321661296593,0.07406869358,0.12994367999999998,0.0210633,0.07162080858,0.07651657858,4
counto=$((2**4)) ./name-generator.pl,0.016946007080000002,0.0018751644522133257,0.016946007080000002,0.01209568,0.0046333,0.015620065580000002,0.018271948580000003,4
counto=$((2**4)) ./name-generator_d,0.00522980058,0.00040245406715301026,0.00522980058,0.00090559,0.0040222999999999995,0.00494522258,0.00551437858,4
counto=$((2**4)) ./name-generator.r,0.21248996558,0.0338206599572842,0.21248996558,0.17123067999999997,0.040140300000000004,0.18857514758000002,0.23640478358,4
counto=$((2**4)) ./name-generator.php,0.01224020008,0.0004366547008386604,0.01224020008,0.00249518,0.009519799999999998,0.01193143858,0.01254896158,4
counto=$((2**4)) ./name-generator.rb,0.06705146058,0.000562961649628105,0.06705146058,0.04915518,0.0172128,0.06665338658,0.06744953458,4
counto=$((2**4)) ./name-generator.lua,0.01956403758,0.002669931968170349,0.01956403758,0.01547368,0.0032002999999999997,0.01767611058,0.02145196458,4
counto=$((2**4)) java NameGenerator,0.043972443580000006,0.0027420809014819403,0.043972443580000006,0.05631968,0.0260363,0.04203349958,0.045911387580000004,4
counto=$((2**4)) rust/target/debug/name-generator,0.00788418658,0.0015427090066503155,0.00788418658,0.00331468,0.0038557999999999995,0.00679332658,0.008975046580000002,4
counto=$((2**4)) ./name-generator.py,0.07165128908,0.008927229476441189,0.07165128908,0.051141679999999995,0.0215233,0.06533878458,0.07796379358,4
counto=$((2**5)) ./name-generator_cpp,0.00403210758,0.00029392590416293696,0.00403210758,0.0029286800000000003,0.0011899,0.00382427058,0.00423994458,5
counto=$((2**5)) ./name-generator_cpp_O2,0.00369074858,0.00007157759103238965,0.00369074858,0.0019475900000000001,0.0021533999999999998,0.00364013558,0.00374136158,5
counto=$((2**5)) ./name-generator_cpp_O1,0.0040227590799999996,0.00010546851194787934,0.0040227590799999996,0,0.004729799999999999,0.00394818158,0.0040973365799999995,5
counto=$((2**5)) ./name-generator_go,0.0048231175799999994,0.000320671511054537,0.0048231175799999994,0.00105009,0.004053299999999999,0.004596368579999999,0.0050498665799999995,5
counto=$((2**5)) ./name-generator_pascal,0.006968629080000001,0.00025847510568814924,0.006968629080000001,0.0036235899999999995,0.0037118999999999997,0.006785859580000001,0.007151398580000001,5
counto=$((2**5)) ./name-generator.js,0.030412050080000003,0.005050048443896798,0.030412050080000003,0.02030018,0.0128493,0.026841126580000003,0.03398297358,5
counto=$((2**5)) ./name-generator.ts,0.07370797158,0.009270669118743155,0.07370797158,0.07646618,0.015539299999999999,0.06715261858,0.08026332458,5
counto=$((2**5)) java -jar ./name-generator.jar,0.09995441958,0.01603051236615075,0.09995441958,0.17384718,0.023829799999999998,0.08861913558,0.11128970358,5
counto=$((2**5)) ./name-generator.pl,0.017368512080000002,0.0021146219210214623,0.017368512080000002,0.00416068,0.0129498,0.015873248580000002,0.018863775580000002,5
counto=$((2**5)) ./name-generator_d,0.00443674458,0.0003237884377460067,0.00443674458,0.00189868,0.0024388,0.00420779158,0.004665697579999999,5
counto=$((2**5)) ./name-generator.r,0.16940110058000002,0.004485814709169329,0.16940110058000002,0.13485667999999998,0.0342638,0.16622915058,0.17257305058,5
counto=$((2**5)) ./name-generator.php,0.01241755408,0.00003407194025147446,0.01241755408,0.00583768,0.0063678,0.01239346158,0.012441646580000002,5
counto=$((2**5)) ./name-generator.rb,0.07637363408,0.008313571099029134,0.07637363408,0.056827180000000005,0.018145299999999996,0.07049505158,0.08225221658,5
counto=$((2**5)) ./name-generator.lua,0.018546110580000004,0.0007229784999970607,0.018546110580000004,0.01612118,0.0023653999999999997,0.018034887580000002,0.019057333580000002,5
counto=$((2**5)) java NameGenerator,0.05420749208,0.012936042678944147,0.05420749208,0.07771518,0.0175743,0.04506032858,0.06335465558,5
counto=$((2**5)) rust/target/debug/name-generator,0.00706497558,0.0010157192931947293,0.00706497558,0.00573718,0.0013299,0.0063467535799999995,0.00778319758,5
counto=$((2**5)) ./name-generator.py,0.07370691207999999,0.0048082787359141795,0.07370691207999999,0.04736168,0.027486299999999998,0.07030694558,0.07710687858,5
counto=$((2**6)) ./name-generator_cpp,0.0032396610799999997,0.0005432977171500906,0.0032396610799999997,0.0022746800000000003,0.0010244,0.0028554915799999998,0.0036238305799999996,6
counto=$((2**6)) ./name-generator_cpp_O2,0.0024776790799999997,0.000824367005817494,0.0024776790799999997,0.00106559,0.0019333999999999998,0.0018947635799999997,0.0030605945799999997,6
counto=$((2**6)) ./name-generator_cpp_O1,0.00224375458,0.00019445012218561358,0.00224375458,0,0.0030172999999999997,0.0021062575799999997,0.00238125158,6
counto=$((2**6)) ./name-generator_go,0.0028408350800000004,0.0007268923360309286,0.0028408350800000004,0.0018855900000000001,0.0016379,0.00232684458,0.0033548255800000004,6
counto=$((2**6)) ./name-generator_pascal,0.00577987858,0.0011230566883652846,0.00577987858,0.00208309,0.0039993,0.00498575758,0.00657399958,6
counto=$((2**6)) ./name-generator.js,0.026953109080000003,0.001618658638910781,0.026953109080000003,0.02321468,0.007113899999999999,0.025808544580000002,0.028097673580000003,6
counto=$((2**6)) ./name-generator.ts,0.07044641358,0.016697145769395735,0.07044641358,0.07369518,0.0146973,0.058639748580000005,0.08225307858,6
counto=$((2**6)) java -jar ./name-generator.jar,0.07847687358,0.005450330986124788,0.07847687358,0.13640818,0.0233948,0.07462290758,0.08233083958,6
counto=$((2**6)) ./name-generator.pl,0.016713201580000003,0.0012706312878124782,0.016713201580000003,0.008925679999999998,0.0075469,0.015814729580000002,0.01761167358,6
counto=$((2**6)) ./name-generator_d,0.004521729580000001,0.00021772949163583702,0.004521729580000001,0.0033426800000000002,0.0012044,0.004367771580000001,0.004675687580000001,6
counto=$((2**6)) ./name-generator.r,0.17038147158,0.013643326943932778,0.17038147158,0.12618868,0.0423298,0.16073418258,0.18002876058,6
counto=$((2**6)) ./name-generator.php,0.012687003080000002,0.001113399731054621,0.012687003080000002,0.00810118,0.0044138,0.01189971058,0.013474295580000002,6
counto=$((2**6)) ./name-generator.rb,0.06539418158,0.0007576309749158891,0.06539418158,0.05298068,0.012292299999999999,0.06485845558,0.06592990758,6
counto=$((2**6)) ./name-generator.lua,0.01721555958,0.002146916194825031,0.01721555958,0.01118268,0.0058557999999999995,0.015697460580000003,0.01873365858,6
counto=$((2**6)) java NameGenerator,0.05086490608000001,0.0029538374621370924,0.05086490608000001,0.06879268,0.0256803,0.048776227580000005,0.052953584580000004,6
counto=$((2**6)) rust/target/debug/name-generator,0.008044641080000001,0.0007722603071118569,0.008044641080000001,0.00498468,0.0028664,0.007498570580000001,0.00859071158,6
counto=$((2**6)) ./name-generator.py,0.07109756108,0.0022940757225916705,0.07109756108,0.054348179999999996,0.018007799999999997,0.06947540458,0.07271971758,6
counto=$((2**7)) ./name-generator_cpp,0.00280404608,0.000670712702265657,0.00280404608,0,0.0035522999999999996,0.00232978058,0.0032783115799999997,7
counto=$((2**7)) ./name-generator_cpp_O2,0.0034331675800000003,0.0003182235073780691,0.0034331675800000003,0.00169459,0.0019798999999999997,0.0032081495800000003,0.0036581855800000003,7
counto=$((2**7)) ./name-generator_cpp_O1,0.0020711200799999998,0.0001527824408906337,0.0020711200799999998,0.00107759,0.0014739,0.00196308658,0.00217915358,7
counto=$((2**7)) ./name-generator_go,0.0035313120799999997,0.0006464094421962753,0.0035313120799999997,0.0016155899999999999,0.0020083999999999996,0.00307423158,0.00398839258,7
counto=$((2**7)) ./name-generator_pascal,0.0061855430800000005,0.0003574714692678284,0.0061855430800000005,0.0014605900000000001,0.0050742999999999995,0.0059327725800000005,0.0064383135800000005,7
counto=$((2**7)) ./name-generator.js,0.03171668808,0.000907867831394252,0.03171668808,0.02237318,0.0129968,0.031074728580000002,0.032358647580000004,7
counto=$((2**7)) ./name-generator.ts,0.056806997080000005,0.00018675750751308168,0.056806997080000005,0.05599218,0.0180238,0.05667493958000001,0.05693905458,7
counto=$((2**7)) java -jar ./name-generator.jar,0.09296027158,0.022188551174226093,0.09296027158,0.14163218,0.0377568,0.07727059658,0.10864994658,7
counto=$((2**7)) ./name-generator.pl,0.019110164080000002,0.0057743803462730545,0.019110164080000002,0.012273179999999998,0.0066869,0.015027060580000001,0.023193267580000003,7
counto=$((2**7)) ./name-generator_d,0.00553720858,0.00009165376676383774,0.00553720858,0.00248168,0.0030147999999999998,0.0054723995800000005,0.00560201758,7
counto=$((2**7)) ./name-generator.r,0.17604588908000002,0.010055278338681665,0.17604588908000002,0.14540618,0.0284638,0.16893573358,0.18315604458,7
counto=$((2**7)) ./name-generator.php,0.01154891358,0.0008817140728785048,0.01154891358,0.00445568,0.0069888,0.01092544758,0.012172379580000002,7
counto=$((2**7)) ./name-generator.rb,0.07412400608,0.0016287405673969311,0.07412400608,0.06057318,0.0130683,0.07297231258,0.07527569958,7
counto=$((2**7)) ./name-generator.lua,0.016684373580000002,0.0010103070978915267,0.016684373580000002,0.01108968,0.0054933,0.015969978580000002,0.01739876858,7
counto=$((2**7)) java NameGenerator,0.05081412808000001,0.006143122390526218,0.05081412808000001,0.07815517999999999,0.0209393,0.04647028458,0.055157971580000006,7
counto=$((2**7)) rust/target/debug/name-generator,0.00564064058,0.00045602589110926676,0.00564064058,0.00406518,0.0015904,0.005318181579999999,0.005963099580000001,7
counto=$((2**7)) ./name-generator.py,0.07154235158,0.0031700615234357796,0.07154235158,0.05431218,0.0180233,0.06930077958,0.07378392358,7
counto=$((2**8)) ./name-generator_cpp,0.00333150608,0.00032486818980087935,0.00333150608,0,0.004046299999999999,0.0031017895799999996,0.00356122258,8
counto=$((2**8)) ./name-generator_cpp_O2,0.00255967908,0.000017148046550554873,0.00255967908,0.00136059,0.0016524,0.00254755358,0.00257180458,8
counto=$((2**8)) ./name-generator_cpp_O1,0.00257832408,0.0001658950290409571,0.00257832408,0.00133359,0.0016924,0.00246101858,0.00269562958,8
counto=$((2**8)) ./name-generator_go,0.00307386958,0.000017281689732199014,0.00307386958,0.00064759,0.0029317999999999996,0.0030616495800000003,0.00308608958,8
counto=$((2**8)) ./name-generator_pascal,0.0065280725800000005,0.0003912563241661401,0.0065280725800000005,0.00155959,0.0048598,0.006251412580000001,0.00680473258,8
counto=$((2**8)) ./name-generator.js,0.03362572358,0.004230498249472746,0.03362572358,0.02845968,0.007445299999999999,0.030634309580000005,0.03661713758,8
counto=$((2**8)) ./name-generator.ts,0.056712568080000005,0.001888620694259303,0.056712568080000005,0.05975518,0.014519299999999999,0.055377111580000006,0.05804802458,8
counto=$((2**8)) java -jar ./name-generator.jar,0.08885976007999999,0.0014011426935228639,0.08885976007999999,0.15981318,0.026001299999999998,0.08786900258,0.08985051758,8
counto=$((2**8)) ./name-generator.pl,0.01671383208,0.00032164661130579275,0.01671383208,0.013474179999999999,0.0029768,0.01648639358,0.01694127058,8
counto=$((2**8)) ./name-generator_d,0.00679489158,0.00007427591050939706,0.00679489158,0.005037679999999999,0.0018014,0.00674237058,0.00684741258,8
counto=$((2**8)) ./name-generator.r,0.23008819608000003,0.0542914797614875,0.23008819608000003,0.17811667999999997,0.0490723,0.19169832258,0.26847806958000003,8
counto=$((2**8)) ./name-generator.php,0.013969400580000003,0.0017564461733995723,0.013969400580000003,0.0056796799999999995,0.0077908,0.012727405580000002,0.015211395580000002,8
counto=$((2**8)) ./name-generator.rb,0.06213255008,0.004592322668085564,0.06213255008,0.043315179999999995,0.0183423,0.05888528758,0.06537981258,8
counto=$((2**8)) ./name-generator.lua,0.01813564258,0.00024087875343832164,0.01813564258,0.01581868,0.0020793,0.017965315580000002,0.01830596958,8
counto=$((2**8)) java NameGenerator,0.06117384108,0.00398448802212335,0.06117384108,0.09038267999999999,0.0271378,0.058356382580000005,0.06399129958,8
counto=$((2**8)) rust/target/debug/name-generator,0.007038011080000001,0.0023989622856586353,0.007038011080000001,0.0038421800000000006,0.0028793000000000004,0.00534168858,0.008734333580000002,8
counto=$((2**8)) ./name-generator.py,0.07121875757999999,0.0025853082570250663,0.07121875757999999,0.055277679999999996,0.0172513,0.06939066858,0.07304684657999999,8
counto=$((2**9)) ./name-generator_cpp,0.0040822235800000006,0.000049754861551410114,0.0040822235800000006,0.0042591799999999996,0,0.004047041580000001,0.0041174055800000005,9
counto=$((2**9)) ./name-generator_cpp_O2,0.00279093708,0.0008399643671969068,0.00279093708,0,0.0034248,0.00219699258,0.00338488158,9
counto=$((2**9)) ./name-generator_cpp_O1,0.00391998858,0.00037963148868343395,0.00391998858,0,0.004566299999999999,0.00365154858,0.00418842858,9
counto=$((2**9)) ./name-generator_go,0.00361507358,0.0008301150768417596,0.00361507358,0.00090459,0.0031742999999999997,0.0030280935799999998,0.00420205358,9
counto=$((2**9)) ./name-generator_pascal,0.00762458008,0.00033367166922665116,0.00762458008,0.00098959,0.006798799999999999,0.007388638580000001,0.00786052158,9
counto=$((2**9)) ./name-generator.js,0.041142948080000005,0.006549551812003058,0.041142948080000005,0.03045568,0.0153318,0.03651171558,0.045774180580000004,9
counto=$((2**9)) ./name-generator.ts,0.06515643307999999,0.005763974562881109,0.06515643307999999,0.06218268,0.018496799999999997,0.06108068758,0.06923217858,9
counto=$((2**9)) java -jar ./name-generator.jar,0.08888461358,0.002027051695918973,0.08888461358,0.15965668,0.025868299999999997,0.08745127158,0.09031795558,9
counto=$((2**9)) ./name-generator.pl,0.019574917080000004,0.0018587921018017317,0.019574917080000004,0.01473068,0.0044753,0.018260552580000002,0.020889281580000002,9
counto=$((2**9)) ./name-generator_d,0.00496626508,0.00014276415201478287,0.00496626508,0.00365768,0.0013954,0.00486531558,0.00506721458,9
counto=$((2**9)) ./name-generator.r,0.19812473208,0.009871774229468826,0.19812473208,0.16133118,0.0333088,0.19114433358,0.20510513058000002,9
counto=$((2**9)) ./name-generator.php,0.013912644580000001,0.0006475457627936428,0.013912644580000001,0.00759918,0.0060858,0.01345476058,0.014370528580000002,9
counto=$((2**9)) ./name-generator.rb,0.07429493258,0.016258791890961882,0.07429493258,0.06624518,0.007291799999999999,0.06279823058,0.08579163458,9
counto=$((2**9)) ./name-generator.lua,0.017661263580000003,0.0019976049411232423,0.017661263580000003,0.015520180000000001,0.0017289,0.016248743580000002,0.01907378358,9
counto=$((2**9)) java NameGenerator,0.05372699258000001,0.0015501505984155237,0.05372699258000001,0.09878668,0.014070299999999999,0.05263087058,0.054823114580000006,9
counto=$((2**9)) rust/target/debug/name-generator,0.006034064580000001,0.00047408539830077063,0.006034064580000001,0.00250568,0.0032513000000000004,0.0056988355800000005,0.006369293580000001,9
counto=$((2**9)) ./name-generator.py,0.07510823758,0.0020782476410904503,0.07510823758,0.05567868,0.0209408,0.07363869458,0.07657778058,9
counto=$((2**10)) ./name-generator_cpp,0.00339125908,0.00024861803715840844,0.00339125908,0.0017130899999999998,0.0021639,0.0032154595800000002,0.0035670585799999995,10
counto=$((2**10)) ./name-generator_cpp_O2,0.00339283558,0.0009920807134996628,0.00339283558,0,0.0041128,0.00269132858,0.00409434258,10
counto=$((2**10)) ./name-generator_cpp_O1,0.0022409850799999997,0.00008201660844304642,0.0022409850799999997,0.00245318,0,0.00218299058,0.00229897958,10
counto=$((2**10)) ./name-generator_go,0.0037756290799999996,0.0007438515850709063,0.0037756290799999996,0.00098709,0.0033688,0.00324964658,0.00430161158,10
counto=$((2**10)) ./name-generator_pascal,0.00650594608,0.0008711930310812296,0.00650594608,0.0013200900000000001,0.005472299999999999,0.00588991958,0.00712197258,10
counto=$((2**10)) ./name-generator.js,0.035218267580000004,0.0011220653246580604,0.035218267580000004,0.02445218,0.0152518,0.03442484758,0.03601168758,10
counto=$((2**10)) ./name-generator.ts,0.06084374958,0.002441933871858123,0.06084374958,0.06599068,0.0148928,0.05911704158,0.06257045758,10
counto=$((2**10)) java -jar ./name-generator.jar,0.09288230058,0.007967286059039678,0.09288230058,0.16958417999999997,0.0186138,0.08724857858,0.09851602258,10
counto=$((2**10)) ./name-generator.pl,0.01909859858,0.0027614881541983844,0.01909859858,0.01569568,0.0031118,0.017145931580000003,0.021051265580000002,10
counto=$((2**10)) ./name-generator_d,0.004653651579999999,0.000004334564568673553,0.004653651579999999,0.00483218,0,0.004650586579999999,0.004656716579999999,10
counto=$((2**10)) ./name-generator.r,0.17777840608,0.000024661763207435245,0.17777840608,0.14571517999999997,0.0313763,0.17776096758,0.17779584458,10
counto=$((2**10)) ./name-generator.php,0.013105832080000001,0.0005543837372655344,0.013105832080000001,0.006201679999999999,0.006738299999999999,0.01271382358,0.013497840580000002,10
counto=$((2**10)) ./name-generator.rb,0.07181900958,0.0011940063685759769,0.07181900958,0.053514679999999995,0.017025799999999997,0.07097471958,0.07266329958,10
counto=$((2**10)) ./name-generator.lua,0.018207036580000002,0.001332630410386917,0.018207036580000002,0.01652368,0.0017114,0.01726472458,0.019149348580000003,10
counto=$((2**10)) java NameGenerator,0.06570421958,0.0050292998096164426,0.06570421958,0.11412568,0.019095799999999996,0.06214796758,0.06926047158,10
counto=$((2**10)) rust/target/debug/name-generator,0.00557821958,0.0006222751806475977,0.00557821958,0.00265709,0.0033458999999999997,0.00513820458,0.00601823458,10
counto=$((2**10)) ./name-generator.py,0.08463084558,0.0026298715405890117,0.08463084558,0.05958668,0.0257643,0.08277124558,0.08649044558,10
counto=$((2**11)) ./name-generator_cpp,0.00462880408,0.00002419648694542143,0.00462880408,0.00099309,0.0039448,0.004611694580000001,0.004645913579999999,11
counto=$((2**11)) ./name-generator_cpp_O2,0.0047905405800000005,0.0007620914044916138,0.0047905405800000005,0.0033296800000000002,0.0012354,0.00425166058,0.005329420580000001,11
counto=$((2**11)) ./name-generator_cpp_O1,0.0056760720800000004,0.0010531542332975256,0.0056760720800000004,0.0042036800000000004,0.0013464,0.004931379580000001,0.00642076458,11
counto=$((2**11)) ./name-generator_go,0.00806160958,0.0018433863663600213,0.00806160958,0.00562268,0.0024953999999999996,0.00675813858,0.00936508058,11
counto=$((2**11)) ./name-generator_pascal,0.01022931608,0.00014189016803323634,0.01022931608,0.00843768,0.0017189,0.01012898458,0.01032964758,11
counto=$((2**11)) ./name-generator.js,0.03524761408,0.000019259467399177572,0.03524761408,0.03112818,0.011206299999999999,0.035233995580000003,0.03526123258,11
counto=$((2**11)) ./name-generator.ts,0.06691411558,0.00009906848847136147,0.06691411558,0.06575868,0.0226318,0.06684406358,0.06698416758,11
counto=$((2**11)) java -jar ./name-generator.jar,0.09047868508000001,0.0060984643546535995,0.09047868508000001,0.19109017999999997,0.0109118,0.08616641958,0.09479095058,11
counto=$((2**11)) ./name-generator.pl,0.01801835408,0.0045080892798834956,0.01801835408,0.01449668,0.0033028,0.014830653580000002,0.02120605458,11
counto=$((2**11)) ./name-generator_d,0.00863296608,0.00046548910116188543,0.00863296608,0.00557068,0.0026098,0.00830381558,0.00896211658,11
counto=$((2**11)) ./name-generator.r,0.20515296508000003,0.004406637841559536,0.20515296508000003,0.17066667999999996,0.032660800000000004,0.20203700158000001,0.20826892858,11
counto=$((2**11)) ./name-generator.php,0.01322475558,0.000552787797260395,0.01322475558,0.0045756799999999995,0.0084543,0.012833875580000001,0.01361563558,11
counto=$((2**11)) ./name-generator.rb,0.09519485558,0.0002738256868009329,0.09519485558,0.07727268,0.016357299999999998,0.09500123158,0.09538847958,11
counto=$((2**11)) ./name-generator.lua,0.02204683408,0.0017852855234702656,0.02204683408,0.01665018,0.0048557999999999995,0.02078444658,0.02330922158,11
counto=$((2**11)) java NameGenerator,0.06812368158,0.004042499769558679,0.06812368158,0.12447767999999998,0.0287713,0.06526520258,0.07098216058,11
counto=$((2**11)) rust/target/debug/name-generator,0.007439410580000001,0.0009776910905025169,0.007439410580000001,0.00594318,0.0014494,0.0067480785800000005,0.008130742580000001,11
counto=$((2**11)) ./name-generator.py,0.08130244408000001,0.0030581823814096625,0.08130244408000001,0.05805468,0.0207288,0.07913998258,0.08346490558,11
counto=$((2**12)) ./name-generator_cpp,0.004454342080000001,0.0001234544800341405,0.004454342080000001,0.0009635900000000001,0.0037917999999999997,0.004367046580000001,0.0045416375800000006,12
counto=$((2**12)) ./name-generator_cpp_O2,0.00504925558,0.0009145917097765533,0.00504925558,0.00126059,0.0040663,0.0044025415800000006,0.00569596958,12
counto=$((2**12)) ./name-generator_cpp_O1,0.00429123308,0.0013136410577781507,0.00429123308,0.0006795900000000001,0.0037273,0.00336234858,0.005220117579999999,12
counto=$((2**12)) ./name-generator_go,0.00595046958,0.0009055704414621754,0.00595046958,0.00280968,0.0033698,0.0053101345800000005,0.00659080458,12
counto=$((2**12)) ./name-generator_pascal,0.008126741580000001,0.0010904732078882082,0.008126741580000001,0.006633179999999999,0.0015194,0.007355660580000001,0.00889782258,12
counto=$((2**12)) ./name-generator.js,0.07699428758,0.006991589009660105,0.07699428758,0.09407067999999999,0.020089799999999998,0.07205048758,0.08193808758,12
counto=$((2**12)) ./name-generator.ts,0.10572177258,0.009556222878616839,0.10572177258,0.12356917999999999,0.024855799999999997,0.09896450258,0.11247904258,12
counto=$((2**12)) java -jar ./name-generator.jar,0.09974876658000001,0.013285798199015675,0.09974876658000001,0.19433417999999997,0.0239713,0.09035428858,0.10914324458,12
counto=$((2**12)) ./name-generator.pl,0.022275211080000003,0.0023742729452867254,0.022275211080000003,0.018567680000000003,0.0029823999999999996,0.02059634658,0.02395407558,12
counto=$((2**12)) ./name-generator_d,0.009717504080000001,0.001997998799600366,0.009717504080000001,0.009618179999999999,0,0.00830470558,0.011130302580000001,12
counto=$((2**12)) ./name-generator.r,0.22131265258,0.011497198466061991,0.22131265258,0.19409967999999997,0.0234288,0.21318290558,0.22944239958,12
counto=$((2**12)) ./name-generator.php,0.01548389958,0.0001264363493304035,0.01548389958,0.00565918,0.0093388,0.01539449558,0.01557330358,12
counto=$((2**12)) ./name-generator.rb,0.06975247507999999,0.0027037705631840284,0.06975247507999999,0.05045268,0.018438299999999998,0.06784062058,0.07166432957999999,12
counto=$((2**12)) ./name-generator.lua,0.018695759080000002,0.0014734075923465652,0.018695759080000002,0.01640618,0.0022213,0.017653902580000002,0.019737615580000003,12
counto=$((2**12)) java NameGenerator,0.07277880458,0.0009025510955065071,0.07277880458,0.13346117999999998,0.028621800000000003,0.07214060458,0.07341700458,12
counto=$((2**12)) rust/target/debug/name-generator,0.01147399508,0.00023387627498423224,0.01147399508,0.009914679999999999,0.0014329,0.01130861958,0.01163937058,12
counto=$((2**12)) ./name-generator.py,0.08112523058,0.002517020126738755,0.08112523058,0.05864118,0.0241528,0.07934542858,0.08290503258,12
counto=$((2**13)) ./name-generator_cpp,0.00571024158,0.00016087669221487606,0.00571024158,0.00413368,0.0015399,0.00559648458,0.00582399858,13
counto=$((2**13)) ./name-generator_cpp_O2,0.00447759258,0.00019568048798487855,0.00447759258,0.00336268,0.0012169,0.00433922558,0.0046159595800000005,13
counto=$((2**13)) ./name-generator_cpp_O1,0.005258010580000001,0.00022719623722236224,0.005258010580000001,0.00378318,0.0014949,0.005097358580000001,0.005418662580000001,13
counto=$((2**13)) ./name-generator_go,0.00662291558,0.0007257489443657498,0.00662291558,0.00491868,0.0019284,0.00610973358,0.00713609758,13
counto=$((2**13)) ./name-generator_pascal,0.010034698080000001,0.00012901941040207871,0.010034698080000001,0.00499168,0.0047893,0.00994346758,0.01012592858,13
counto=$((2**13)) ./name-generator.js,0.05494987608,0.0006443758030935814,0.05494987608,0.08271168000000001,0.0111563,0.05449423358,0.05540551858,13
counto=$((2**13)) ./name-generator.ts,0.07960904158,0.002659410219266295,0.07960904158,0.11188618,0.0183168,0.07772855458,0.08148952858,13
counto=$((2**13)) java -jar ./name-generator.jar,0.09720004708,0.003138844880366741,0.09720004708,0.18868068,0.025347299999999996,0.09498054858,0.09941954558,13
counto=$((2**13)) ./name-generator.pl,0.025143663580000003,0.0031395130962749616,0.025143663580000003,0.017158180000000002,0.007438299999999999,0.022923692580000002,0.02736363458,13
counto=$((2**13)) ./name-generator_d,0.01127575158,0.0020152656400901584,0.01127575158,0.009516179999999999,0.0015359,0.009850743580000001,0.01270075958,13
counto=$((2**13)) ./name-generator.r,0.26957821958000006,0.0019256681398459985,0.26957821958000006,0.23894217999999998,0.0288968,0.26821656658000004,0.27093987258,13
counto=$((2**13)) ./name-generator.php,0.02516851808,0.00474967796853013,0.02516851808,0.013785179999999998,0.0111393,0.021809988580000002,0.028527047580000003,13
counto=$((2**13)) ./name-generator.rb,0.07757192158,0.0025371500425855763,0.07757192158,0.06713817999999999,0.0096843,0.07577788558,0.07936595758,13
counto=$((2**13)) ./name-generator.lua,0.026269758580000004,0.004324136157864596,0.026269758580000004,0.01985218,0.006210799999999999,0.023212132580000003,0.02932738458,13
counto=$((2**13)) java NameGenerator,0.09537968958000001,0.015757368330286882,0.09537968958000001,0.20051767999999998,0.0319883,0.08423754758,0.10652183158,13
counto=$((2**13)) rust/target/debug/name-generator,0.01431937458,0.0012298863808669468,0.01431937458,0.01128318,0.0027898000000000003,0.013449713580000001,0.01518903558,13
counto=$((2**13)) ./name-generator.py,0.09115549558,0.005024566436823184,0.09115549558,0.06966068,0.020823299999999996,0.08760259058,0.09470840058,13
counto=$((2**14)) ./name-generator_cpp,0.010448407080000001,0.00029573114777530635,0.010448407080000001,0.009130679999999999,0.0012714,0.010239293580000001,0.010657520580000001,14
counto=$((2**14)) ./name-generator_cpp_O2,0.00697481808,0.00084550242750716,0.00697481808,0.00701568,0,0.00637695758,0.0075726785800000005,14
counto=$((2**14)) ./name-generator_cpp_O1,0.009597521080000001,0.0020788691879511075,0.009597521080000001,0.00671368,0.0027753,0.008127538580000001,0.01106750358,14
counto=$((2**14)) ./name-generator_go,0.01665412758,0.0010832847603506667,0.01665412758,0.00871168,0.0088898,0.01588812958,0.01742012558,14
counto=$((2**14)) ./name-generator_pascal,0.024408125080000002,0.0006170531970685336,0.024408125080000002,0.02104168,0.0031503,0.023971802580000003,0.02484444758,14
counto=$((2**14)) ./name-generator.js,0.10257728108,0.024061257723268007,0.10257728108,0.11659467999999999,0.0278623,0.08556340258,0.11959115958,14
counto=$((2**14)) ./name-generator.ts,0.15802188508,0.009118483475975834,0.15802188508,0.17667867999999998,0.039453300000000004,0.15157414358000001,0.16446962658,14
counto=$((2**14)) java -jar ./name-generator.jar,0.13386548658000003,0.0009308721363065898,0.13386548658000003,0.30408118,0.021677299999999997,0.13320726058000001,0.13452371258,14
counto=$((2**14)) ./name-generator.pl,0.03045771258,0.0005417173334941364,0.03045771258,0.027242680000000002,0.0029593999999999996,0.030074660580000002,0.03084076458,14
counto=$((2**14)) ./name-generator_d,0.01630453758,0.001119992087575621,0.01630453758,0.014552679999999998,0.0014869,0.015512583580000003,0.01709649158,14
counto=$((2**14)) ./name-generator.r,0.37902809258000003,0.011016638798072662,0.37902809258000003,0.35095718,0.0247363,0.37123815258000004,0.38681803258,14
counto=$((2**14)) ./name-generator.php,0.02485169208,0.000957874422959762,0.02485169208,0.00975568,0.013807799999999999,0.024174372580000002,0.02552901158,14
counto=$((2**14)) ./name-generator.rb,0.08041664007999999,0.0011934498755391913,0.08041664007999999,0.06495168,0.0149093,0.07957274358,0.08126053658,14
counto=$((2**14)) ./name-generator.lua,0.026238083080000002,0.0001171216317018319,0.026238083080000002,0.02029618,0.004964799999999999,0.026155265580000003,0.02632090058,14
counto=$((2**14)) java NameGenerator,0.09557948458,0.013431988283385304,0.09557948458,0.24089267999999997,0.023038799999999998,0.08608163458,0.10507733458,14
counto=$((2**14)) rust/target/debug/name-generator,0.02240602808,0.0008209262242202401,0.02240602808,0.02082368,0.0013534,0.02182554558,0.02298651058,14
counto=$((2**14)) ./name-generator.py,0.09000219458,0.004296228067424727,0.09000219458,0.06537467999999999,0.025666799999999997,0.08696430258,0.09304008658,14
counto=$((2**15)) ./name-generator_cpp,0.01083760658,0.0016210790654227817,0.01083760658,0.01097468,0,0.009691330580000001,0.01198388258,15
counto=$((2**15)) ./name-generator_cpp_O2,0.00970914508,0.00015105851455810088,0.00970914508,0.009892680000000001,0,0.00960233058,0.00981595958,15
counto=$((2**15)) ./name-generator_cpp_O1,0.01041658858,0.0007874312831022143,0.01041658858,0.008784179999999999,0.0016944,0.009859790580000001,0.010973386580000001,15
counto=$((2**15)) ./name-generator_go,0.019053180080000003,0.0014790686892367456,0.019053180080000003,0.010320679999999999,0.0090973,0.01800732058,0.020099039580000002,15
counto=$((2**15)) ./name-generator_pascal,0.02340107458,0.0015062901789920833,0.02340107458,0.021420679999999998,0.0015444,0.02233596658,0.024466182580000002,15
counto=$((2**15)) ./name-generator.js,0.09610959258,0.002909075481567645,0.09610959258,0.11965818,0.0223528,0.09405256558,0.09816661958,15
counto=$((2**15)) ./name-generator.ts,0.19928774257999998,0.0243812284915024,0.19928774257999998,0.22662867999999997,0.0348928,0.18204761058,0.21652787458,15
counto=$((2**15)) java -jar ./name-generator.jar,0.15243548608000002,0.011673230577918038,0.15243548608000002,0.34023368,0.044428800000000004,0.14418126558,0.16068970658,15
counto=$((2**15)) ./name-generator.pl,0.04938569058,0.007279621885908637,0.04938569058,0.04573768,0.0031282999999999997,0.04423822058,0.054533160580000004,15
counto=$((2**15)) ./name-generator_d,0.02743526258,0.00234986715473407,0.02743526258,0.02577668,0.0015434000000000001,0.025773655580000002,0.02909686958,15
counto=$((2**15)) ./name-generator.r,0.72331594258,0.04067703459403228,0.72331594258,0.68113318,0.0369558,0.69455293558,0.75207894958,15
counto=$((2**15)) ./name-generator.php,0.03970853958,0.0013722708165402324,0.03970853958,0.012666179999999999,0.026444799999999997,0.03873819758,0.04067888158,15
counto=$((2**15)) ./name-generator.rb,0.09324229308,0.0006836513421478103,0.09324229308,0.07483268,0.0170863,0.09275887858,0.09372570758,15
counto=$((2**15)) ./name-generator.lua,0.03915148308000001,0.00014975319544003067,0.03915148308000001,0.03196768,0.0066587999999999994,0.039045591580000004,0.039257374580000004,15
counto=$((2**15)) java NameGenerator,0.10525265208,0.003787489487098346,0.10525265208,0.27418268,0.0370803,0.10257449258,0.10793081158,15
counto=$((2**15)) rust/target/debug/name-generator,0.04285882108,0.002254180757997129,0.04285882108,0.03891068,0.0032402999999999998,0.04126487458,0.044452767580000004,15
counto=$((2**15)) ./name-generator.py,0.11032273608000001,0.008095038334089867,0.11032273608000001,0.08671318,0.0244693,0.10459867958,0.11604679258,15
counto=$((2**16)) ./name-generator_cpp,0.01711298308,0.0006384940888876715,0.01711298308,0.01700018,0,0.016661499580000003,0.01756446658,16
counto=$((2**16)) ./name-generator_cpp_O2,0.01733840658,0.00015307164756413918,0.01733840658,0.015721179999999998,0.0013904,0.01723016858,0.01744664458,16
counto=$((2**16)) ./name-generator_cpp_O1,0.01672498258,0.0011267491999766403,0.01672498258,0.012235179999999998,0.0044082999999999995,0.01592825058,0.01752171458,16
counto=$((2**16)) ./name-generator_go,0.03250694558,0.001784682361385912,0.03250694558,0.02222118,0.012072799999999998,0.031244984580000003,0.03376890658,16
counto=$((2**16)) ./name-generator_pascal,0.03911223808,0.0020375670808620025,0.03911223808,0.032144679999999995,0.0063818,0.03767146058,0.040553015580000004,16
counto=$((2**16)) ./name-generator.js,0.14777827508,0.007364853001778961,0.14777827508,0.17189517999999998,0.0198583,0.14257053758,0.15298601258,16
counto=$((2**16)) ./name-generator.ts,0.18178968158000003,0.006977903665017021,0.18178968158000003,0.20607968,0.0334053,0.17685555858000002,0.18672380458,16
counto=$((2**16)) java -jar ./name-generator.jar,0.16436519158000001,0.00015277890535672013,0.16436519158000001,0.37732668,0.0437528,0.16425716058,0.16447322258,16
counto=$((2**16)) ./name-generator.pl,0.057917406080000004,0.0036430954539529285,0.057917406080000004,0.05070468,0.0064093,0.055341348580000005,0.060493463580000004,16
counto=$((2**16)) ./name-generator_d,0.045904346080000005,0.006055056483570118,0.045904346080000005,0.042575180000000004,0.0031848999999999996,0.04162277458,0.05018591758,16
counto=$((2**16)) ./name-generator.r,1.0940255035800002,0.1275476128918729,1.0940255035800002,1.05439418,0.0307488,1.00383572158,1.18421528558,16
counto=$((2**16)) ./name-generator.php,0.07207093658,0.014278635516771193,0.07207093658,0.03047068,0.0409283,0.061974416580000004,0.08216745657999999,16
counto=$((2**16)) ./name-generator.rb,0.11777483357999999,0.005905396626225204,0.11777483357999999,0.09502818,0.021393299999999997,0.11359908758,0.12195057958,16
counto=$((2**16)) ./name-generator.lua,0.05947367908000001,0.000038840668383797406,0.05947367908000001,0.04799918,0.009804799999999999,0.059446214580000004,0.059501143580000006,16
counto=$((2**16)) java NameGenerator,0.12319418158,0.006970668548431911,0.12319418158,0.34429818,0.041043300000000005,0.11826517458000001,0.12812318858,16
counto=$((2**16)) rust/target/debug/name-generator,0.07464033008000001,0.012880539039261693,0.07464033008000001,0.06764718,0.0063327999999999995,0.06553241358,0.08374824658,16
counto=$((2**16)) ./name-generator.py,0.14419910258000002,0.0009406471804497096,0.14419910258000002,0.12532917999999998,0.0200088,0.14353396458,0.14486424058,16
counto=$((2**17)) ./name-generator_cpp,0.033279564080000004,0.00039039718942699683,0.033279564080000004,0.031890680000000005,0,0.033003511580000006,0.03355561658,17
counto=$((2**17)) ./name-generator_cpp_O2,0.03400186508,0.0004964731060999135,0.03400186508,0.031695680000000004,0.0016339,0.033650805580000005,0.03435292458,17
counto=$((2**17)) ./name-generator_cpp_O1,0.03510989008,0.00031486121463352617,0.03510989008,0.03343818,0.0015094,0.03488724958,0.03533253058,17
counto=$((2**17)) ./name-generator_go,0.06577206658,0.0007733782429329071,0.06577206658,0.051997680000000004,0.016662299999999998,0.06522520558,0.06631892757999999,17
counto=$((2**17)) ./name-generator_pascal,0.07520453008,0.0079366195450464,0.07520453008,0.07171217999999999,0.0030693,0.06959249258,0.08081656758,17
counto=$((2**17)) ./name-generator.js,0.35703183058000004,0.036754635497044594,0.35703183058000004,0.36524768,0.036935800000000005,0.33104237858,0.38302128258000007,17
counto=$((2**17)) ./name-generator.ts,0.4234527920800001,0.10738825099736526,0.4234527920800001,0.42900018,0.0501198,0.34751783158000005,0.49938775258000007,17
counto=$((2**17)) java -jar ./name-generator.jar,0.17412229508,0.007275343182775673,0.17412229508,0.40707267999999996,0.047416799999999995,0.16897785058,0.17926673958,17
counto=$((2**17)) ./name-generator.pl,0.10319439608,0.0047759597133732725,0.10319439608,0.09569668,0.0065828,0.09981728258,0.10657150958,17
counto=$((2**17)) ./name-generator_d,0.08188180957999999,0.00028563012740605943,0.08188180957999999,0.07788968,0.0047423,0.08167983858,0.08208378058,17
counto=$((2**17)) ./name-generator.r,2.34157000658,0.08679813520810825,2.34157000658,2.2654701799999994,0.0527158,2.28019445658,2.40294555658,17
counto=$((2**17)) ./name-generator.php,0.10623227308,0.0007002626946514445,0.10623227308,0.04001768,0.06490779999999999,0.10573711258,0.10672743358,17
counto=$((2**17)) ./name-generator.rb,0.16769206158,0.010388610596653332,0.16769206158,0.14754267999999998,0.0164138,0.16034620458,0.17503791858,17
counto=$((2**17)) ./name-generator.lua,0.09643556708,0.004603070691159604,0.09643556708,0.08145768,0.0135498,0.09318070458,0.09969042958,17
counto=$((2**17)) java NameGenerator,0.20433696408000002,0.022787751339283225,0.20433696408000002,0.41749618,0.045914800000000006,0.18822359058000002,0.22045033758000002,17
counto=$((2**17)) rust/target/debug/name-generator,0.17254396408,0.04710833411059037,0.17254396408,0.14595467999999998,0.0188073,0.13923334158,0.20585458658,17
counto=$((2**17)) ./name-generator.py,0.24026003658000003,0.027214381917974047,0.24026003658000003,0.22359117999999997,0.016481299999999997,0.22101656258000002,0.25950351058000004,17
counto=$((2**18)) ./name-generator_cpp,0.061911350579999996,0.004287833295718478,0.061911350579999996,0.05808268,0.0031548,0.05887939458,0.06494330658,18
counto=$((2**18)) ./name-generator_cpp_O2,0.06578485258,0.0061636631354128986,0.06578485258,0.06531568,0,0.06142648458,0.07014322058,18
counto=$((2**18)) ./name-generator_cpp_O1,0.07218903158000001,0.007235074158693889,0.07218903158000001,0.07002217999999999,0.0015014,0.06707306158,0.07730500158,18
counto=$((2**18)) ./name-generator_go,0.13260240258,0.0042946526335162286,0.13260240258,0.10358068,0.0339818,0.12956562458,0.13563918058,18
counto=$((2**18)) ./name-generator_pascal,0.13945219558,0.011276889448888376,0.13945219558,0.13235918,0.0064493,0.13147823058,0.14742616058,18
counto=$((2**18)) ./name-generator.js,0.42781938108000006,0.01305104511162276,0.42781938108000006,0.43354417999999995,0.0347673,0.41859089858000004,0.43704786358000003,18
counto=$((2**18)) ./name-generator.ts,0.47342853908000004,0.038051280536230025,0.47342853908000004,0.48447668,0.042768299999999995,0.4465222205800001,0.50033485758,18
counto=$((2**18)) java -jar ./name-generator.jar,0.24687179108,0.007957651729146009,0.24687179108,0.5132821799999999,0.047178300000000006,0.24124488158000001,0.25249870058,18
counto=$((2**18)) ./name-generator.pl,0.19520930208,0.019467860959981837,0.19520930208,0.18399517999999998,0.0096423,0.18144344558,0.20897515858000001,18
counto=$((2**18)) ./name-generator_d,0.17435457208,0.0032647353432620836,0.17435457208,0.17345568,0.0015474,0.17204605558,0.17666308858000002,18
counto=$((2**18)) ./name-generator.r,4.31867473008,0.2933462809562244,4.31867473008,4.19120068,0.08209179999999999,4.111247585579999,4.52610187458,18
counto=$((2**18)) ./name-generator.php,0.20605419758,0.007664371413474287,0.20605419758,0.06921768,0.1347628,0.20063466858,0.21147372658,18
counto=$((2**18)) ./name-generator.rb,0.25738621508000004,0.0003507723396228985,0.25738621508000004,0.23989767999999997,0.013280299999999998,0.25713818158,0.25763424858000006,18
counto=$((2**18)) ./name-generator.lua,0.16876818258,0.009926953307138702,0.16876818258,0.15004918,0.014555299999999998,0.16174876658,0.17578759858,18
counto=$((2**18)) java NameGenerator,0.23174456708000002,0.004009436163577191,0.23174456708000002,0.43649768,0.0698848,0.22890946758,0.23457966658,18
counto=$((2**18)) rust/target/debug/name-generator,0.26460580558,0.001036663796053467,0.26460580558,0.24508818,0.0178393,0.26387277358000005,0.26533883758000004,18
counto=$((2**18)) ./name-generator.py,0.36729820808,0.01673674728467606,0.36729820808,0.34657718,0.019323800000000002,0.35546354058000007,0.37913287558000003,18
counto=$((2**19)) ./name-generator_cpp,0.11844996108,0.0019632119743931103,0.11844996108,0.11446168,0.0031398999999999997,0.11706176058000001,0.11983816158,19
counto=$((2**19)) ./name-generator_cpp_O2,0.11984693758000001,0.0011861687970133091,0.11984693758000001,0.11903517999999999,0,0.11900818958,0.12068568558000001,19
counto=$((2**19)) ./name-generator_cpp_O1,0.11968806458,0.0010443882305311554,0.11968806458,0.11758468,0.0015669,0.11894957058,0.12042655858,19
counto=$((2**19)) ./name-generator_go,0.23931794208,0.006170768851457056,0.23931794208,0.20612967999999998,0.0413878,0.23495454958,0.24368133458000002,19
counto=$((2**19)) ./name-generator_pascal,0.26230770608000004,0.00845439000028887,0.26230770608000004,0.24935368,0.009778799999999999,0.25632954958000004,0.26828586258000003,19
counto=$((2**19)) ./name-generator.js,0.81004110058,0.04553929174030191,0.81004110058,0.80129968,0.0546378,0.77783995858,0.84224224258,19
counto=$((2**19)) ./name-generator.ts,0.83348499358,0.006111129344211408,0.83348499358,0.82337968,0.0653118,0.8291637725800001,0.83780621458,19
counto=$((2**19)) java -jar ./name-generator.jar,0.31031056258,0.004920681136958374,0.31031056258,0.51420568,0.08100079999999998,0.30683111558000004,0.31379000958000003,19
counto=$((2**19)) ./name-generator.pl,0.30616273358,0.0012035692806847346,0.30616273358,0.29202068000000003,0.0047358,0.30531168158000005,0.30701378558000003,19
counto=$((2**19)) ./name-generator_d,0.30321713808000006,0.009640215143406548,0.30321713808000006,0.29523568,0.004870299999999999,0.29640047658,0.31003379958000005,19
counto=$((2**19)) ./name-generator.r,8.44657611258,0.0011971133957718958,8.44657611258,8.24496718,0.11463679999999998,8.44572962558,8.44742259958,19
counto=$((2**19)) ./name-generator.php,0.39204958458000005,0.016501144254932203,0.39204958458000005,0.13485567999999998,0.24878129999999998,0.38038151358000005,0.40371765558000006,19
counto=$((2**19)) ./name-generator.rb,0.42271192908000005,0.01860715644378593,0.42271192908000005,0.39390668,0.0201683,0.40955468258000005,0.43586917558000005,19
counto=$((2**19)) ./name-generator.lua,0.29084721458000007,0.0021620610078645153,0.29084721458000007,0.24901067999999998,0.0408388,0.28931840658,0.29237602258000006,19
counto=$((2**19)) java NameGenerator,0.35095224708000006,0.002347893619707792,0.35095224708000006,0.5245331799999999,0.10475879999999999,0.34929203558000005,0.35261245858000007,19
counto=$((2**19)) rust/target/debug/name-generator,0.50286896558,0.0013197950080948233,0.50286896558,0.45875168,0.0412753,0.50193572958,0.50380220158,19
counto=$((2**19)) ./name-generator.py,0.6264555135800001,0.0201531542040756,0.6264555135800001,0.5968256799999999,0.0170768,0.61220508158,0.64070594558,19
counto=$((2**20)) ./name-generator_cpp,0.22347383308000002,0.003915252368750266,0.22347383308000002,0.21611167999999997,0.0030918,0.22070533158,0.22624233458,20
counto=$((2**20)) ./name-generator_cpp_O2,0.22744764808,0.007955889619047278,0.22744764808,0.22299167999999997,0.0031023,0.22182198458000002,0.23307331158,20
counto=$((2**20)) ./name-generator_cpp_O1,0.22891536058,0.0010488019910593243,0.22891536058,0.22800267999999999,0,0.22817374558,0.22965697558,20
counto=$((2**20)) ./name-generator_go,0.46063246658000007,0.00039718753584672904,0.46063246658000007,0.38312168,0.09181929999999999,0.46035161258000007,0.46091332058000006,20
counto=$((2**20)) ./name-generator_pascal,0.48862292358000003,0.014564640410771277,0.48862292358000003,0.47455968,0.007952299999999999,0.47832416758000007,0.49892167958000005,20
counto=$((2**20)) ./name-generator.js,1.52651750758,0.028331507394658655,1.52651750758,1.44186868,0.12473229999999999,1.50648410658,1.54655090858,20
counto=$((2**20)) ./name-generator.ts,1.6122061920800002,0.024386668263970106,1.6122061920800002,1.53971218,0.1228368,1.5949622135800001,1.6294501705800002,20
counto=$((2**20)) java -jar ./name-generator.jar,0.5110881850800001,0.021640313609102617,0.5110881850800001,0.6965581799999999,0.12583529999999998,0.4957861725800001,0.52639019758,20
counto=$((2**20)) ./name-generator.pl,0.6031032750800001,0.02005164266167519,0.6031032750800001,0.5849051799999999,0.004792299999999999,0.58892462258,0.61728192758,20
counto=$((2**20)) ./name-generator_d,0.55890090658,0.00974085270182536,0.55890090658,0.5541691799999999,0.0081453,0.55201308358,0.56578872958,20
counto=$((2**20)) ./name-generator.r,19.911158105080002,0.09996667035406528,19.911158105080002,19.49573818,0.17384129999999998,19.840470994580002,19.98184521558,20
counto=$((2**20)) ./name-generator.php,0.75987101758,0.0170101409292337,0.75987101758,0.26343967999999995,0.48880579999999996,0.74784303158,0.77189900358,20
counto=$((2**20)) ./name-generator.rb,0.77950727908,0.0030820741053323693,0.77950727908,0.7451366799999999,0.020277299999999998,0.77732792358,0.78168663458,20
counto=$((2**20)) ./name-generator.lua,0.58933686608,0.02655807722348182,0.58933686608,0.5113966799999999,0.0731983,0.57055746958,0.60811626258,20
counto=$((2**20)) java NameGenerator,0.64664769408,0.02312706925615761,0.64664769408,0.72989218,0.2127218,0.63029438658,0.66300100158,20
counto=$((2**20)) rust/target/debug/name-generator,1.03872591358,0.02532956899373141,1.03872591358,0.9789591799999999,0.0490838,1.02081520358,1.05663662358,20
counto=$((2**20)) ./name-generator.py,1.2110974405800001,0.02581811331149388,1.2110974405800001,1.15589518,0.0264873,1.1928412775800001,1.2293536035800001,20
